dexNumber,gen,name,average,hp,attack,defense,spAtk,spDef,speed,type1,type2,isMega
#001,1,Bulbasaur,53,45,49,49,65,65,45,Grass,Poison,FALSE
#002,1,Ivysaur,67.5,60,62,63,80,80,60,Grass,Poison,FALSE
#003,1,Venusaur,87.5,80,82,83,100,100,80,Grass,Poison,FALSE
#003.1,1,Mega Venusaur,104.1666667,80,100,123,122,120,80,Grass,Poison,TRUE
#004,1,Charmander,51.5,39,52,43,60,50,65,Fire,,FALSE
#005,1,Charmeleon,67.5,58,64,58,80,65,80,Fire,,FALSE
#006,1,Charizard,89,78,84,78,109,85,100,Fire,Flying,FALSE
#006.1,1,Mega Charizard X,105.6666667,78,130,111,130,85,100,Fire,Dragon,TRUE
#006.2,1,Mega Charizard Y,105.6666667,78,104,78,159,115,100,Fire,Flying,TRUE
#007,1,Squirtle,52.33333333,44,48,65,50,64,43,Water,,FALSE
#008,1,Wartortle,67.5,59,63,80,65,80,58,Water,,FALSE
#009,1,Blastoise,88.33333333,79,83,100,85,105,78,Water,,FALSE
#009.1,1,Mega Blastoise,105,79,103,120,135,115,78,Water,,TRUE
#010,1,Caterpie,32.5,45,30,35,20,20,45,Bug,,FALSE
#011,1,Metapod,34.16666667,50,20,55,25,25,30,Bug,,FALSE
#012,1,Butterfree,64.16666667,60,45,50,80,80,70,Bug,Flying,FALSE
#013,1,Weedle,32.5,40,35,30,20,20,50,Bug,Poison,FALSE
#014,1,Kakuna,34.16666667,45,25,50,25,25,35,Bug,Poison,FALSE
#015,1,Beedrill,64.16666667,65,80,40,45,80,75,Bug,Poison,FALSE
#016,1,Pidgey,41.83333333,40,45,40,35,35,56,Normal,Flying,FALSE
#017,1,Pidgeotto,58.16666667,63,60,55,50,50,71,Normal,Flying,FALSE
#018,1,Pidgeot,78.16666667,83,80,75,70,70,91,Normal,Flying,FALSE
#018.1,1,Mega Pidgeot,96.5,83,80,80,135,80,121,Normal,Flying,TRUE
#019,1,Rattata,42.16666667,30,56,35,25,35,72,Normal,,FALSE
#019.1,1,Alolan Rattata,42.16666667,30,56,35,25,35,72,Dark,Normal,FALSE
#020,1,Raticate,68.83333333,55,81,60,50,70,97,Normal,,FALSE
#020.1,1,Alolan Raticate,68.83333333,75,71,70,40,80,77,Dark,Normal,FALSE
#021,1,Spearow,43.66666667,40,60,30,31,31,70,Normal,Flying,FALSE
#022,1,Fearow,73.66666667,65,90,65,61,61,100,Normal,Flying,FALSE
#023,1,Ekans,48,35,60,44,40,54,55,Poison,,FALSE
#024,1,Arbok,73,60,85,69,65,79,80,Poison,,FALSE
#025,1,Pikachu,50,35,55,30,50,40,90,Electric,,FALSE
#025.1,1,Partner Pikachu,71.66666667,45,80,50,75,60,120,Electric,,FALSE
#026,1,Raichu,80.83333333,60,90,55,90,80,110,Electric,,FALSE
#026.1,1,Alolan Raichu,80.83333333,60,85,50,95,85,110,Electric,Psychic,FALSE
#027,1,Sandshrew,50,50,75,85,20,30,40,Ground,,FALSE
#027.1,1,Alolan Sandshrew,50,50,75,90,10,35,40,Ice,Steel,FALSE
#028,1,Sandslash,75,75,100,110,45,55,65,Ground,,FALSE
#028.1,1,Alolan Sandslash,75,75,100,120,25,65,65,Ice,Steel,FALSE
#029,1,Nidoran-F,45.83333333,55,47,52,40,40,41,Poison,,FALSE
#030,1,Nidorina,60.83333333,70,62,67,55,55,56,Poison,,FALSE
#031,1,Nidoqueen,82.5,90,82,87,75,85,76,Poison,Ground,FALSE
#032,1,Nidoran-M,45.5,46,57,40,40,40,50,Poison,,FALSE
#033,1,Nidorino,60.83333333,61,72,57,55,55,65,Poison,,FALSE
#034,1,Nidoking,82.5,81,92,77,85,75,85,Poison,Ground,FALSE
#035,1,Clefairy,53.83333333,70,45,48,60,65,35,Fairy,,FALSE
#036,1,Clefable,78.83333333,95,70,73,85,90,60,Fairy,,FALSE
#037,1,Vulpix,49.83333333,38,41,40,50,65,65,Fire,,FALSE
#037.1,1,Alolan Vulpix,49.83333333,38,41,40,50,65,65,Ice,,FALSE
#038,1,Ninetales,84.16666667,73,76,75,81,100,100,Fire,,FALSE
#038.1,1,Alolan Ninetales,84.16666667,73,67,75,81,100,109,Ice,Fairy,FALSE
#039,1,Jigglypuff,45,115,45,20,45,25,20,Normal,Fairy,FALSE
#040,1,Wigglytuff,70.83333333,140,70,45,75,50,45,Normal,Fairy,FALSE
#041,1,Zubat,40.83333333,40,45,35,30,40,55,Poison,Flying,FALSE
#042,1,Golbat,75.83333333,75,80,70,65,75,90,Poison,Flying,FALSE
#043,1,Oddish,53.33333333,45,50,55,75,65,30,Grass,Poison,FALSE
#044,1,Gloom,65.83333333,60,65,70,85,75,40,Grass,Poison,FALSE
#045,1,Vileplume,80,75,80,85,100,90,50,Grass,Poison,FALSE
#046,1,Paras,47.5,35,70,55,45,55,25,Bug,Grass,FALSE
#047,1,Parasect,67.5,60,95,80,60,80,30,Bug,Grass,FALSE
#048,1,Venonat,50.83333333,60,55,50,40,55,45,Bug,Poison,FALSE
#049,1,Venomoth,75,70,65,60,90,75,90,Bug,Poison,FALSE
#050,1,Diglett,44.16666667,10,55,25,35,45,95,Ground,,FALSE
#050.1,1,Alolan Diglett,44.16666667,10,55,30,35,45,90,Ground,Steel,FALSE
#051,1,Dugtrio,70.83333333,35,100,50,50,70,120,Ground,,FALSE
#051.1,1,Alolan Dugtrio,70.83333333,35,100,60,50,70,110,Ground,Steel,FALSE
#052,1,Meowth,48.33333333,40,45,35,40,40,90,Normal,,FALSE
#052.1,1,Alolan Meowth,48.33333333,40,35,35,50,40,90,Dark,,FALSE
#052.2,1,Galarian Meowth,48.33333333,50,65,55,40,40,40,Steel,,FALSE
#053,1,Persian,73.33333333,65,70,60,65,65,115,Normal,,FALSE
#053.1,1,Alolan Persian,73.33333333,65,60,60,75,65,115,Dark,,FALSE
#054,1,Psyduck,53.33333333,50,52,48,65,50,55,Water,,FALSE
#055,1,Golduck,83.33333333,80,82,78,95,80,85,Water,,FALSE
#056,1,Mankey,50.83333333,40,80,35,35,45,70,Fighting,,FALSE
#057,1,Primeape,75.83333333,65,105,60,60,70,95,Fighting,,FALSE
#058,1,Growlithe,58.33333333,55,70,45,70,50,60,Fire,,FALSE
#059,1,Arcanine,92.5,90,110,80,100,80,95,Fire,,FALSE
#060,1,Poliwag,50,40,50,40,40,40,90,Water,,FALSE
#061,1,Poliwhirl,64.16666667,65,65,65,50,50,90,Water,,FALSE
#062,1,Poliwrath,83.33333333,90,85,95,70,90,70,Water,Fighting,FALSE
#063,1,Abra,51.66666667,25,20,15,105,55,90,Psychic,,FALSE
#064,1,Kadabra,66.66666667,40,35,30,120,70,105,Psychic,,FALSE
#065,1,Alakazam,81.66666667,55,50,45,135,85,120,Psychic,,FALSE
#065.1,1,Mega Alakazam,98.33333333,55,50,65,175,95,150,Psychic,,TRUE
#066,1,Machop,50.83333333,70,80,50,35,35,35,Fighting,,FALSE
#067,1,Machoke,67.5,80,100,70,50,60,45,Fighting,,FALSE
#068,1,Machamp,84.16666667,90,130,80,65,85,55,Fighting,,FALSE
#069,1,Bellsprout,50,50,75,35,70,30,40,Grass,Poison,FALSE
#070,1,Weepinbell,65,65,90,50,85,45,55,Grass,Poison,FALSE
#071,1,Victreebel,80,80,105,65,100,60,70,Grass,Poison,FALSE
#072,1,Tentacool,55.83333333,40,40,35,50,100,70,Water,Poison,FALSE
#073,1,Tentacruel,85.83333333,80,70,65,80,120,100,Water,Poison,FALSE
#074,1,Geodude,50,40,80,100,30,30,20,Rock,Ground,FALSE
#074.1,1,Alolan Geodude,50,40,80,100,30,30,20,Rock,Electric,FALSE
#075,1,Graveler,65,55,95,115,45,45,35,Rock,Ground,FALSE
#075.1,1,Alolan Graveler,65,55,95,115,45,45,35,Rock,Electric,FALSE
#076,1,Golem,82.5,80,120,130,55,65,45,Rock,Ground,FALSE
#076.1,1,Alolan Golem,82.5,80,120,130,55,65,45,Rock,Electric,FALSE
#077,1,Ponyta,68.33333333,50,85,55,65,65,90,Fire,,FALSE
#077.1,1,Galarian Ponyta,68.33333333,50,85,55,65,65,90,Psychic,,FALSE
#078,1,Rapidash,83.33333333,65,100,70,80,80,105,Fire,,FALSE
#078.1,1,Galarian Rapidash,83.33333333,65,100,70,80,80,105,Psychic,Fairy,FALSE
#079,1,Slowpoke,52.5,90,65,65,40,40,15,Water,Psychic,FALSE
#079.1,1,Galarian Slowpoke,52.5,90,65,65,40,40,15,Psychic,,FALSE
#080,1,Slowbro,81.66666667,95,75,110,100,80,30,Water,Psychic,FALSE
#080.1,1,Mega Slowbro,98.33333333,95,75,180,130,80,30,Water,Psychic,TRUE
#080.2,1,Galarian Slowbro,81.66666667,95,100,95,100,70,30,Poison,Psychic,FALSE
#081,1,Magnemite,54.16666667,25,35,70,95,55,45,Electric,Steel,FALSE
#082,1,Magneton,77.5,50,60,95,120,70,70,Electric,Steel,FALSE
#083,1,Farfetch'd,58.66666667,52,65,55,58,62,60,Normal,Flying,FALSE
#083.1,1,Galarian Farfetch'd,62.83333333,52,95,55,58,62,55,Fighting,,FALSE
#084,1,Doduo,51.66666667,35,85,45,35,35,75,Normal,Flying,FALSE
#085,1,Dodrio,76.66666667,60,110,70,60,60,100,Normal,Flying,FALSE
#086,1,Seel,54.16666667,65,45,55,45,70,45,Water,,FALSE
#087,1,Dewgong,79.16666667,90,70,80,70,95,70,Water,Ice,FALSE
#088,1,Grimer,54.16666667,80,80,50,40,50,25,Poison,,FALSE
#088.1,1,Alolan Grimer,54.16666667,80,80,50,40,50,25,Poison,Dark,FALSE
#089,1,Muk,83.33333333,105,105,75,65,100,50,Poison,,FALSE
#089.1,1,Alolan Muk,83.33333333,105,105,75,65,100,50,Poison,Dark,FALSE
#090,1,Shellder,50.83333333,30,65,100,45,25,40,Water,,FALSE
#091,1,Cloyster,87.5,50,95,180,85,45,70,Water,Ice,FALSE
#092,1,Gastly,51.66666667,30,35,30,100,35,80,Ghost,Poison,FALSE
#093,1,Haunter,67.5,45,50,45,115,55,95,Ghost,Poison,FALSE
#094,1,Gengar,83.33333333,60,65,60,130,75,110,Ghost,Poison,FALSE
#094.1,1,Mega Gengar,100,60,65,80,170,95,130,Ghost,Poison,TRUE
#095,1,Onix,64.16666667,35,45,160,30,45,70,Rock,Ground,FALSE
#096,1,Drowzee,54.66666667,60,48,45,43,90,42,Psychic,,FALSE
#097,1,Hypno,80.5,85,73,70,73,115,67,Psychic,,FALSE
#098,1,Krabby,54.16666667,30,105,90,25,25,50,Water,,FALSE
#099,1,Kingler,79.16666667,55,130,115,50,50,75,Water,,FALSE
#100,1,Voltorb,55,40,30,50,55,55,100,Electric,,FALSE
#101,1,Electrode,80,60,50,70,80,80,140,Electric,,FALSE
#102,1,Exeggcute,54.16666667,60,40,80,60,45,40,Grass,Psychic,FALSE
#103,1,Exeggutor,88.33333333,95,95,85,125,75,55,Grass,Psychic,FALSE
#103.1,1,Alolan Exeggutor,88.33333333,95,105,85,125,75,45,Grass,Dragon,FALSE
#104,1,Cubone,53.33333333,50,50,95,40,50,35,Ground,,FALSE
#105,1,Marowak,70.83333333,60,80,110,50,80,45,Ground,,FALSE
#105.1,1,Alolan Marowak,70.83333333,60,80,110,50,80,45,Fire,Ghost,FALSE
#106,1,Hitmonlee,75.83333333,50,120,53,35,110,87,Fighting,,FALSE
#107,1,Hitmonchan,75.83333333,50,105,79,35,110,76,Fighting,,FALSE
#108,1,Lickitung,64.16666667,90,55,75,60,75,30,Normal,,FALSE
#109,1,Koffing,56.66666667,40,65,95,60,45,35,Poison,,FALSE
#110,1,Weezing,81.66666667,65,90,120,85,70,60,Poison,,FALSE
#110.1,1,Galarian Weezing,81.66666667,65,90,120,85,70,60,Poison,Fairy,FALSE
#111,1,Rhyhorn,57.5,80,85,95,30,30,25,Ground,Rock,FALSE
#112,1,Rhydon,80.83333333,105,130,120,45,45,40,Ground,Rock,FALSE
#113,1,Chansey,75,250,5,5,35,105,50,Normal,,FALSE
#114,1,Tangela,72.5,65,55,115,100,40,60,Grass,,FALSE
#115,1,Kangaskhan,81.66666667,105,95,80,40,80,90,Normal,,FALSE
#115.1,1,Mega Kangaskhan,98.33333333,105,125,100,60,100,100,Normal,,TRUE
#116,1,Horsea,49.16666667,30,40,70,70,25,60,Water,,FALSE
#117,1,Seadra,73.33333333,55,65,95,95,45,85,Water,,FALSE
#118,1,Goldeen,53.33333333,45,67,60,35,50,63,Water,,FALSE
#119,1,Seaking,75,80,92,65,65,80,68,Water,,FALSE
#120,1,Staryu,56.66666667,30,45,55,70,55,85,Water,,FALSE
#121,1,Starmie,86.66666667,60,75,85,100,85,115,Water,Psychic,FALSE
#122,1,Mr. Mime,76.66666667,40,45,65,100,120,90,Psychic,Fairy,FALSE
#122.1,1,Galarian Mr. Mime,76.66666667,50,65,65,90,90,100,Ice,Psychic,FALSE
#123,1,Scyther,83.33333333,70,110,80,55,80,105,Bug,Flying,FALSE
#124,1,Jynx,75.83333333,65,50,35,115,95,95,Ice,Psychic,FALSE
#125,1,Electabuzz,81.66666667,65,83,57,95,85,105,Electric,,FALSE
#126,1,Magmar,82.5,65,95,57,100,85,93,Fire,,FALSE
#127,1,Pinsir,83.33333333,65,125,100,55,70,85,Bug,,FALSE
#127.1,1,Mega Pinsir,100,65,155,120,65,90,105,Bug,Flying,TRUE
#128,1,Tauros,81.66666667,75,100,95,40,70,110,Normal,,FALSE
#129,1,Magikarp,33.33333333,20,10,55,15,20,80,Water,,FALSE
#130,1,Gyarados,90,95,125,79,60,100,81,Water,Flying,FALSE
#130.1,1,Mega Gyarados,106.6666667,95,155,109,70,130,81,Water,Dark,TRUE
#131,1,Lapras,89.16666667,130,85,80,85,95,60,Water,Ice,FALSE
#132,1,Ditto,48,48,48,48,48,48,48,Normal,,FALSE
#133,1,Eevee,54.16666667,55,55,50,45,65,55,Normal,,FALSE
#133.1,1,Partner Eevee,72.5,65,75,70,65,85,75,Normal,,FALSE
#134,1,Vaporeon,87.5,130,65,60,110,95,65,Water,,FALSE
#135,1,Jolteon,87.5,65,65,60,110,95,130,Electric,,FALSE
#136,1,Flareon,87.5,65,130,60,95,110,65,Fire,,FALSE
#137,1,Porygon,65.83333333,65,60,70,85,75,40,Normal,,FALSE
#138,1,Omanyte,59.16666667,35,40,100,90,55,35,Rock,Water,FALSE
#139,1,Omastar,82.5,70,60,125,115,70,55,Rock,Water,FALSE
#140,1,Kabuto,59.16666667,30,80,90,55,45,55,Rock,Water,FALSE
#141,1,Kabutops,82.5,60,115,105,65,70,80,Rock,Water,FALSE
#142,1,Aerodactyl,85.83333333,80,105,65,60,75,130,Rock,Flying,FALSE
#142.1,1,Mega Aerodactyl,102.5,80,135,85,70,95,150,Rock,Flying,TRUE
#143,1,Snorlax,90,160,110,65,65,110,30,Normal,,FALSE
#144,1,Articuno,96.66666667,90,85,100,95,125,85,Ice,Flying,FALSE
#144.1,1,Galarian Articuno,96.66666667,90,85,85,125,100,95,Psychic,Flying,FALSE
#145,1,Zapdos,96.66666667,90,90,85,125,90,100,Electric,Flying,FALSE
#145.1,1,Galarian Zapdos,96.66666667,90,125,90,85,90,100,Fighting,Flying,FALSE
#146,1,Moltres,96.66666667,90,100,90,125,85,90,Fire,Flying,FALSE
#146.1,1,Galarian Moltres,96.66666667,90,85,90,100,125,90,Dark,Flying,FALSE
#147,1,Dratini,50,41,64,45,50,50,50,Dragon,,FALSE
#148,1,Dragonair,70,61,84,65,70,70,70,Dragon,,FALSE
#149,1,Dragonite,100,91,134,95,100,100,80,Dragon,Flying,FALSE
#150,1,Mewtwo,113.3333333,106,110,90,154,90,130,Psychic,,FALSE
#150.1,1,Mega Mewtwo X,130,106,190,100,154,100,130,Psychic,Fighting,TRUE
#150.2,1,Mega Mewtwo Y,130,106,150,70,194,120,140,Psychic,,TRUE
#151,1,Mew,100,100,100,100,100,100,100,Psychic,,FALSE
#152,2,Chikorita,53,45,49,65,49,65,45,Grass,,FALSE
#153,2,Bayleef,67.5,60,62,80,63,80,60,Grass,,FALSE
#154,2,Meganium,87.5,80,82,100,83,100,80,Grass,,FALSE
#155,2,Cyndaquil,51.5,39,52,43,60,50,65,Fire,,FALSE
#156,2,Quilava,67.5,58,64,58,80,65,80,Fire,,FALSE
#157,2,Typhlosion,89,78,84,78,109,85,100,Fire,,FALSE
#158,2,Totodile,52.33333333,50,65,64,44,48,43,Water,,FALSE
#159,2,Croconaw,67.5,65,80,80,59,63,58,Water,,FALSE
#160,2,Feraligatr,88.33333333,85,105,100,79,83,78,Water,,FALSE
#161,2,Sentret,35.83333333,35,46,34,35,45,20,Normal,,FALSE
#162,2,Furret,69.16666667,85,76,64,45,55,90,Normal,,FALSE
#163,2,Hoothoot,43.66666667,60,30,30,36,56,50,Normal,Flying,FALSE
#164,2,Noctowl,73.66666667,100,50,50,76,96,70,Normal,Flying,FALSE
#165,2,Ledyba,44.16666667,40,20,30,40,80,55,Bug,Flying,FALSE
#166,2,Ledian,65,55,35,50,55,110,85,Bug,Flying,FALSE
#167,2,Spinarak,41.66666667,40,60,40,40,40,30,Bug,Poison,FALSE
#168,2,Ariados,65,70,90,70,60,60,40,Bug,Poison,FALSE
#169,2,Crobat,89.16666667,85,90,80,70,80,130,Poison,Flying,FALSE
#170,2,Chinchou,55,75,38,38,56,56,67,Water,Electric,FALSE
#171,2,Lanturn,76.66666667,125,58,58,76,76,67,Water,Electric,FALSE
#172,2,Pichu,34.16666667,20,40,15,35,35,60,Electric,,FALSE
#173,2,Cleffa,36.33333333,50,25,28,45,55,15,Fairy,,FALSE
#174,2,Igglybuff,35,90,30,15,40,20,15,Normal,Fairy,FALSE
#175,2,Togepi,40.83333333,35,20,65,40,65,20,Fairy,,FALSE
#176,2,Togetic,67.5,55,40,85,80,105,40,Fairy,Flying,FALSE
#177,2,Natu,53.33333333,40,50,45,70,45,70,Psychic,Flying,FALSE
#178,2,Xatu,78.33333333,65,75,70,95,70,95,Psychic,Flying,FALSE
#179,2,Mareep,46.66666667,55,40,40,65,45,35,Electric,,FALSE
#180,2,Flaaffy,60.83333333,70,55,55,80,60,45,Electric,,FALSE
#181,2,Ampharos,83.33333333,90,75,75,115,90,55,Electric,,FALSE
#181.1,2,Mega Ampharos,101.6666667,90,95,105,165,110,45,Electric,Dragon,TRUE
#182,2,Bellossom,80,75,80,85,90,100,50,Grass,,FALSE
#183,2,Marill,41.66666667,70,20,50,20,50,40,Water,Fairy,FALSE
#184,2,Azumarill,68.33333333,100,50,80,50,80,50,Water,Fairy,FALSE
#185,2,Sudowoodo,68.33333333,70,100,115,30,65,30,Rock,,FALSE
#186,2,Politoed,83.33333333,90,75,75,90,100,70,Water,,FALSE
#187,2,Hoppip,41.66666667,35,35,40,35,55,50,Grass,Flying,FALSE
#188,2,Skiploom,56.66666667,55,45,50,45,65,80,Grass,Flying,FALSE
#189,2,Jumpluff,75,75,55,70,55,85,110,Grass,Flying,FALSE
#190,2,Aipom,60,55,70,55,40,55,85,Normal,,FALSE
#191,2,Sunkern,30,30,30,30,30,30,30,Grass,,FALSE
#192,2,Sunflora,70.83333333,75,75,55,105,85,30,Grass,,FALSE
#193,2,Yanma,65,65,65,45,75,45,95,Bug,Flying,FALSE
#194,2,Wooper,35,55,45,45,25,25,15,Water,Ground,FALSE
#195,2,Quagsire,71.66666667,95,85,85,65,65,35,Water,Ground,FALSE
#196,2,Espeon,87.5,65,65,60,130,95,110,Psychic,,FALSE
#197,2,Umbreon,87.5,95,65,110,60,130,65,Dark,,FALSE
#198,2,Murkrow,67.5,60,85,42,85,42,91,Dark,Flying,FALSE
#199,2,Slowking,81.66666667,95,75,80,100,110,30,Water,Psychic,FALSE
#199.1,2,Galarian Slowking,81.66666667,95,65,80,110,110,30,Poison,Psychic,FALSE
#200,2,Misdreavus,72.5,60,60,60,85,85,85,Ghost,,FALSE
#201,2,Unown,56,48,72,48,72,48,48,Psychic,,FALSE
#202,2,Wobbuffet,67.5,190,33,58,33,58,33,Psychic,,FALSE
#203,2,Girafarig,75.83333333,70,80,65,90,65,85,Normal,Psychic,FALSE
#204,2,Pineco,48.33333333,50,65,90,35,35,15,Bug,,FALSE
#205,2,Forretress,77.5,75,90,140,60,60,40,Bug,Steel,FALSE
#206,2,Dunsparce,69.16666667,100,70,70,65,65,45,Normal,,FALSE
#207,2,Gligar,71.66666667,65,75,105,35,65,85,Ground,Flying,FALSE
#208,2,Steelix,85,75,85,200,55,65,30,Steel,Ground,FALSE
#208.1,2,Mega Steelix,101.6666667,75,125,230,55,95,30,Steel,Ground,TRUE
#209,2,Snubbull,50,60,80,50,40,40,30,Fairy,,FALSE
#210,2,Granbull,75,90,120,75,60,60,45,Fairy,,FALSE
#211,2,Qwilfish,71.66666667,65,95,75,55,55,85,Water,Poison,FALSE
#212,2,Scizor,83.33333333,70,130,100,55,80,65,Bug,Steel,FALSE
#212.1,2,Mega Scizor,100,70,150,140,65,100,75,Bug,Steel,TRUE
#213,2,Shuckle,84.16666667,20,10,230,10,230,5,Bug,Rock,FALSE
#214,2,Heracross,83.33333333,80,125,75,40,95,85,Bug,Fighting,FALSE
#214.1,2,Mega Heracross,100,80,185,115,40,105,75,Bug,Fighting,TRUE
#215,2,Sneasel,71.66666667,55,95,55,35,75,115,Dark,Ice,FALSE
#216,2,Teddiursa,55,60,80,50,50,50,40,Normal,,FALSE
#217,2,Ursaring,83.33333333,90,130,75,75,75,55,Normal,,FALSE
#218,2,Slugma,41.66666667,40,40,40,70,40,20,Fire,,FALSE
#219,2,Magcargo,68.33333333,50,50,120,80,80,30,Fire,Rock,FALSE
#220,2,Swinub,41.66666667,50,50,40,30,30,50,Ice,Ground,FALSE
#221,2,Piloswine,75,100,100,80,60,60,50,Ice,Ground,FALSE
#222,2,Corsola,68.33333333,65,55,95,65,95,35,Water,Rock,FALSE
#222.1,2,Galarian Corsola,68.33333333,60,55,100,65,100,30,Ghost,,FALSE
#223,2,Remoraid,50,35,65,35,65,35,65,Water,,FALSE
#224,2,Octillery,80,75,105,75,105,75,45,Water,,FALSE
#225,2,Delibird,55,45,55,45,65,45,75,Ice,Flying,FALSE
#226,2,Mantine,77.5,65,40,70,80,140,70,Water,Flying,FALSE
#227,2,Skarmory,77.5,65,80,140,40,70,70,Steel,Flying,FALSE
#228,2,Houndour,55,45,60,30,80,50,65,Dark,Fire,FALSE
#229,2,Houndoom,83.33333333,75,90,50,110,80,95,Dark,Fire,FALSE
#229.1,2,Mega Houndoom,100,75,90,90,140,90,115,Dark,Fire,TRUE
#230,2,Kingdra,90,75,95,95,95,95,85,Water,Dragon,FALSE
#231,2,Phanpy,55,90,60,60,40,40,40,Ground,,FALSE
#232,2,Donphan,83.33333333,90,120,120,60,60,50,Ground,,FALSE
#233,2,Porygon2,85.83333333,85,80,90,105,95,60,Normal,,FALSE
#234,2,Stantler,77.5,73,95,62,85,65,85,Normal,,FALSE
#235,2,Smeargle,41.66666667,55,20,35,20,45,75,Normal,,FALSE
#236,2,Tyrogue,35,35,35,35,35,35,35,Fighting,,FALSE
#237,2,Hitmontop,75.83333333,50,95,95,35,110,70,Fighting,,FALSE
#238,2,Smoochum,50.83333333,45,30,15,85,65,65,Ice,Psychic,FALSE
#239,2,Elekid,60,45,63,37,65,55,95,Electric,,FALSE
#240,2,Magby,60.83333333,45,75,37,70,55,83,Fire,,FALSE
#241,2,Miltank,81.66666667,95,80,105,40,70,100,Normal,,FALSE
#242,2,Blissey,90,255,10,10,75,135,55,Normal,,FALSE
#243,2,Raikou,96.66666667,90,85,75,115,100,115,Electric,,FALSE
#244,2,Entei,96.66666667,115,115,85,90,75,100,Fire,,FALSE
#245,2,Suicune,96.66666667,100,75,115,90,115,85,Water,,FALSE
#246,2,Larvitar,50,50,64,50,45,50,41,Rock,Ground,FALSE
#247,2,Pupitar,68.33333333,70,84,70,65,70,51,Rock,Ground,FALSE
#248,2,Tyranitar,100,100,134,110,95,100,61,Rock,Dark,FALSE
#248.1,2,Mega Tyranitar,116.6666667,100,164,150,95,120,71,Rock,Dark,TRUE
#249,2,Lugia,113.3333333,106,90,130,90,154,110,Psychic,Flying,FALSE
#250,2,Ho-oh,113.3333333,106,130,90,110,154,90,Fire,Flying,FALSE
#251,2,Celebi,100,100,100,100,100,100,100,Psychic,Grass,FALSE
#252,3,Treecko,51.66666667,40,45,35,65,55,70,Grass,,FALSE
#253,3,Grovyle,67.5,50,65,45,85,65,95,Grass,,FALSE
#254,3,Sceptile,88.33333333,70,85,65,105,85,120,Grass,,FALSE
#254.1,3,Mega Sceptile,105,70,110,75,145,85,145,Grass,Dragon,TRUE
#255,3,Torchic,51.66666667,45,60,40,70,50,45,Fire,,FALSE
#256,3,Combusken,67.5,60,85,60,85,60,55,Fire,Fighting,FALSE
#257,3,Blaziken,88.33333333,80,120,70,110,70,80,Fire,Fighting,FALSE
#257.1,3,Mega Blaziken,105,80,160,80,130,80,100,Fire,Fighting,TRUE
#258,3,Mudkip,51.66666667,50,70,50,50,50,40,Water,,FALSE
#259,3,Marshtomp,67.5,70,85,70,60,70,50,Water,Ground,FALSE
#260,3,Swampert,89.16666667,100,110,90,85,90,60,Water,Ground,FALSE
#260.1,3,Mega Swampert,105.8333333,100,150,110,95,110,70,Water,Ground,TRUE
#261,3,Poochyena,36.66666667,35,55,35,30,30,35,Dark,,FALSE
#262,3,Mightyena,70,70,90,70,60,60,70,Dark,,FALSE
#263,3,Zigzagoon,40,38,30,41,30,41,60,Normal,,FALSE
#263.1,3,Galarian Zigzagoon,40,38,30,41,30,41,60,Dark,Normal,FALSE
#264,3,Linoone,70,78,70,61,50,61,100,Normal,,FALSE
#264.1,3,Galarian Linoone,70,78,70,61,50,61,100,Dark,Normal,FALSE
#265,3,Wurmple,32.5,45,45,35,20,30,20,Bug,,FALSE
#266,3,Silcoon,34.16666667,50,35,55,25,25,15,Bug,,FALSE
#267,3,Beautifly,64.16666667,60,70,50,90,50,65,Bug,Flying,FALSE
#268,3,Cascoon,34.16666667,50,35,55,25,25,15,Bug,,FALSE
#269,3,Dustox,64.16666667,60,50,70,50,90,65,Bug,Poison,FALSE
#270,3,Lotad,36.66666667,40,30,30,40,50,30,Water,Grass,FALSE
#271,3,Lombre,56.66666667,60,50,50,60,70,50,Water,Grass,FALSE
#272,3,Ludicolo,80,80,70,70,90,100,70,Water,Grass,FALSE
#273,3,Seedot,36.66666667,40,40,50,30,30,30,Grass,,FALSE
#274,3,Nuzleaf,56.66666667,70,70,40,60,40,60,Grass,Dark,FALSE
#275,3,Shiftry,80,90,100,60,90,60,80,Grass,Dark,FALSE
#276,3,Taillow,45,40,55,30,30,30,85,Normal,Flying,FALSE
#277,3,Swellow,71.66666667,60,85,60,50,50,125,Normal,Flying,FALSE
#278,3,Wingull,45,40,30,30,55,30,85,Water,Flying,FALSE
#279,3,Pelipper,71.66666667,60,50,100,85,70,65,Water,Flying,FALSE
#280,3,Ralts,33,28,25,25,45,35,40,Psychic,Fairy,FALSE
#281,3,Kirlia,46.33333333,38,35,35,65,55,50,Psychic,Fairy,FALSE
#282,3,Gardevoir,86.33333333,68,65,65,125,115,80,Psychic,Fairy,FALSE
#282.1,3,Mega Gardevoir,103,68,85,65,165,135,100,Psychic,Fairy,TRUE
#283,3,Surskit,44.83333333,40,30,32,50,52,65,Bug,Water,FALSE
#284,3,Masquerain,69,70,60,62,80,82,60,Bug,Flying,FALSE
#285,3,Shroomish,49.16666667,60,40,60,40,60,35,Grass,,FALSE
#286,3,Breloom,76.66666667,60,130,80,60,60,70,Grass,Fighting,FALSE
#287,3,Slakoth,46.66666667,60,60,60,35,35,30,Normal,,FALSE
#288,3,Vigoroth,73.33333333,80,80,80,55,55,90,Normal,,FALSE
#289,3,Slaking,111.6666667,150,160,100,95,65,100,Normal,,FALSE
#290,3,Nincada,44.33333333,31,45,90,30,30,40,Bug,Ground,FALSE
#291,3,Ninjask,76,61,90,45,50,50,160,Bug,Flying,FALSE
#292,3,Shedinja,39.33333333,1,90,45,30,30,40,Bug,Ghost,FALSE
#293,3,Whismur,40,64,51,23,51,23,28,Normal,,FALSE
#294,3,Loudred,60,84,71,43,71,43,48,Normal,,FALSE
#295,3,Exploud,80,104,91,63,91,63,68,Normal,,FALSE
#296,3,Makuhita,39.5,72,60,30,20,30,25,Fighting,,FALSE
#297,3,Hariyama,79,144,120,60,40,60,50,Fighting,,FALSE
#298,3,Azurill,31.66666667,50,20,40,20,40,20,Normal,Fairy,FALSE
#299,3,Nosepass,62.5,30,45,135,45,90,30,Rock,,FALSE
#300,3,Skitty,43.33333333,50,45,45,35,35,50,Normal,,FALSE
#301,3,Delcatty,63.33333333,70,65,65,55,55,70,Normal,,FALSE
#302,3,Sableye,63.33333333,50,75,75,65,65,50,Dark,Ghost,FALSE
#302.1,3,Mega Sableye,80,50,85,125,85,115,20,Dark,Ghost,TRUE
#303,3,Mawile,63.33333333,50,85,85,55,55,50,Steel,Fairy,FALSE
#303.1,3,Mega Mawile,86.66666667,50,105,125,55,95,90,Steel,Fairy,TRUE
#304,3,Aron,55,50,70,100,40,40,30,Steel,Rock,FALSE
#305,3,Lairon,71.66666667,60,90,140,50,50,40,Steel,Rock,FALSE
#306,3,Aggron,88.33333333,70,110,180,60,60,50,Steel,Rock,FALSE
#306.1,3,Mega Aggron,105,70,140,230,60,80,50,Steel,,TRUE
#307,3,Meditite,46.66666667,30,40,55,40,55,60,Fighting,Psychic,FALSE
#308,3,Medicham,68.33333333,60,60,75,60,75,80,Fighting,Psychic,FALSE
#308.1,3,Mega Medicham,85,60,100,85,80,85,100,Fighting,Psychic,TRUE
#309,3,Electrike,49.16666667,40,45,40,65,40,65,Electric,,FALSE
#310,3,Manectric,79.16666667,70,75,60,105,60,105,Electric,,FALSE
#310.1,3,Mega Manectric,95.83333333,70,75,80,135,80,135,Electric,,TRUE
#311,3,Plusle,67.5,60,50,40,85,75,95,Electric,,FALSE
#312,3,Minun,67.5,60,40,50,75,85,95,Electric,,FALSE
#313,3,Volbeat,66.66666667,65,73,55,47,75,85,Bug,,FALSE
#314,3,Illumise,66.66666667,65,47,55,73,75,85,Bug,,FALSE
#315,3,Roselia,66.66666667,50,60,45,100,80,65,Grass,Poison,FALSE
#316,3,Gulpin,50.33333333,70,43,53,43,53,40,Poison,,FALSE
#317,3,Swalot,77.83333333,100,73,83,73,83,55,Poison,,FALSE
#318,3,Carvanha,50.83333333,45,90,20,65,20,65,Water,Dark,FALSE
#319,3,Sharpedo,76.66666667,70,120,40,95,40,95,Water,Dark,FALSE
#319.1,3,Mega Sharpedo,93.33333333,70,140,70,110,65,105,Water,Dark,TRUE
#320,3,Wailmer,66.66666667,130,70,35,70,35,60,Water,,FALSE
#321,3,Wailord,83.33333333,170,90,45,90,45,60,Water,,FALSE
#322,3,Numel,50.83333333,60,60,40,65,45,35,Fire,Ground,FALSE
#323,3,Camerupt,76.66666667,70,100,70,105,75,40,Fire,Ground,FALSE
#323.1,3,Mega Camerupt,93.33333333,70,120,100,145,105,20,Fire,Ground,TRUE
#324,3,Torkoal,78.33333333,70,85,140,85,70,20,Fire,,FALSE
#325,3,Spoink,55,60,25,35,70,80,60,Psychic,,FALSE
#326,3,Grumpig,78.33333333,80,45,65,90,110,80,Psychic,,FALSE
#327,3,Spinda,60,60,60,60,60,60,60,Normal,,FALSE
#328,3,Trapinch,48.33333333,45,100,45,45,45,10,Ground,,FALSE
#329,3,Vibrava,56.66666667,50,70,50,50,50,70,Ground,Dragon,FALSE
#330,3,Flygon,86.66666667,80,100,80,80,80,100,Ground,Dragon,FALSE
#331,3,Cacnea,55.83333333,50,85,40,85,40,35,Grass,,FALSE
#332,3,Cacturne,79.16666667,70,115,60,115,60,55,Grass,Dark,FALSE
#333,3,Swablu,51.66666667,45,40,60,40,75,50,Normal,Flying,FALSE
#334,3,Altaria,81.66666667,75,70,90,70,105,80,Dragon,Flying,FALSE
#334.1,3,Mega Altaria,98.33333333,75,110,110,110,105,80,Dragon,Fairy,TRUE
#335,3,Zangoose,76.33333333,73,115,60,60,60,90,Normal,,FALSE
#336,3,Seviper,76.33333333,73,100,60,100,60,65,Poison,,FALSE
#337,3,Lunatone,73.33333333,70,55,65,95,85,70,Rock,Psychic,FALSE
#338,3,Solrock,73.33333333,70,95,85,55,65,70,Rock,Psychic,FALSE
#339,3,Barboach,48,50,48,43,46,41,60,Water,Ground,FALSE
#340,3,Whiscash,78,110,78,73,76,71,60,Water,Ground,FALSE
#341,3,Corphish,51.33333333,43,80,65,50,35,35,Water,,FALSE
#342,3,Crawdaunt,78,63,120,85,90,55,55,Water,Dark,FALSE
#343,3,Baltoy,50,40,40,55,40,70,55,Ground,Psychic,FALSE
#344,3,Claydol,83.33333333,60,70,105,70,120,75,Ground,Psychic,FALSE
#345,3,Lileep,59.16666667,66,41,77,61,87,23,Rock,Grass,FALSE
#346,3,Cradily,82.5,86,81,97,81,107,43,Rock,Grass,FALSE
#347,3,Anorith,59.16666667,45,95,50,40,50,75,Rock,Bug,FALSE
#348,3,Armaldo,82.5,75,125,100,70,80,45,Rock,Bug,FALSE
#349,3,Feebas,33.33333333,20,15,20,10,55,80,Water,,FALSE
#350,3,Milotic,90,95,60,79,100,125,81,Water,,FALSE
#351,3,Castform,70,70,70,70,70,70,70,Normal,,FALSE
#351.1,3,Castform - Sunny Form,70,70,70,70,70,70,70,Fire,,FALSE
#351.2,3,Castform - Rainy Form,70,70,70,70,70,70,70,Water,,FALSE
#351.3,3,Castform - Snowy Form,70,70,70,70,70,70,70,Ice,,FALSE
#352,3,Kecleon,73.33333333,60,90,70,60,120,40,Normal,,FALSE
#353,3,Shuppet,49.16666667,44,75,35,63,33,45,Ghost,,FALSE
#354,3,Banette,75.83333333,64,115,65,83,63,65,Ghost,,FALSE
#354.1,3,Mega Banette,92.5,64,165,75,93,83,75,Ghost,,TRUE
#355,3,Duskull,49.16666667,20,40,90,30,90,25,Ghost,,FALSE
#356,3,Dusclops,75.83333333,40,70,130,60,130,25,Ghost,,FALSE
#357,3,Tropius,76.66666667,99,68,83,72,87,51,Grass,Flying,FALSE
#358,3,Chimecho,70.83333333,65,50,70,95,80,65,Psychic,,FALSE
#359,3,Absol,77.5,65,130,60,75,60,75,Dark,,FALSE
#359.1,3,Mega Absol,94.16666667,65,150,60,115,60,115,Dark,,TRUE
#360,3,Wynaut,43.33333333,95,23,48,23,48,23,Psychic,,FALSE
#361,3,Snorunt,50,50,50,50,50,50,50,Ice,,FALSE
#362,3,Glalie,80,80,80,80,80,80,80,Ice,,FALSE
#362.1,3,Mega Glalie,96.66666667,80,120,80,120,80,100,Ice,,TRUE
#363,3,Spheal,48.33333333,70,40,50,55,50,25,Ice,Water,FALSE
#364,3,Sealeo,68.33333333,90,60,70,75,70,45,Ice,Water,FALSE
#365,3,Walrein,88.33333333,110,80,90,95,90,65,Ice,Water,FALSE
#366,3,Clamperl,57.5,35,64,85,74,55,32,Water,,FALSE
#367,3,Huntail,80.83333333,55,104,105,94,75,52,Water,,FALSE
#368,3,Gorebyss,80.83333333,55,84,105,114,75,52,Water,,FALSE
#369,3,Relicanth,80.83333333,100,90,130,45,65,55,Water,Rock,FALSE
#370,3,Luvdisc,55,43,30,55,40,65,97,Water,,FALSE
#371,3,Bagon,50,45,75,60,40,30,50,Dragon,,FALSE
#372,3,Shelgon,70,65,95,100,60,50,50,Dragon,,FALSE
#373,3,Salamence,100,95,135,80,110,80,100,Dragon,Flying,FALSE
#373.1,3,Mega Salamence,116.6666667,95,145,130,120,90,120,Dragon,Flying,TRUE
#374,3,Beldum,50,40,55,80,35,60,30,Steel,Psychic,FALSE
#375,3,Metang,70,60,75,100,55,80,50,Steel,Psychic,FALSE
#376,3,Metagross,100,80,135,130,95,90,70,Steel,Psychic,FALSE
#376.1,3,Mega Metagross,116.6666667,80,145,150,105,110,110,Steel,Psychic,TRUE
#377,3,Regirock,96.66666667,80,100,200,50,100,50,Rock,,FALSE
#378,3,Regice,96.66666667,80,50,100,100,200,50,Ice,,FALSE
#379,3,Registeel,96.66666667,80,75,150,75,150,50,Steel,,FALSE
#380,3,Latias,100,80,80,90,110,130,110,Dragon,Psychic,FALSE
#380.1,3,Mega Latias,116.6666667,80,100,120,140,150,110,Dragon,Psychic,TRUE
#381,3,Latios,100,80,90,80,130,110,110,Dragon,Psychic,FALSE
#381.1,3,Mega Latios,116.6666667,80,100,120,140,150,110,Dragon,Psychic,TRUE
#382,3,Kyogre,111.6666667,100,100,90,150,140,90,Water,,FALSE
#382.1,3,Primal Kyogre,128.3333333,100,150,90,180,160,90,Water,,FALSE
#383,3,Groudon,111.6666667,100,150,140,100,90,90,Ground,,FALSE
#383.1,3,Primal Groudon,128.3333333,100,180,160,150,90,90,Ground,Fire,FALSE
#384,3,Rayquaza,113.3333333,105,150,90,150,90,95,Dragon,Flying,FALSE
#384.1,3,Mega Rayquaza,130,105,180,100,180,100,115,Dragon,Flying,TRUE
#385,3,Jirachi,100,100,100,100,100,100,100,Steel,Psychic,FALSE
#386,3,Deoxys - Normal Forme,100,50,150,50,150,50,150,Psychic,,FALSE
#386.1,3,Deoxys - Attack Forme,100,50,180,20,180,20,150,Psychic,,FALSE
#386.2,3,Deoxys - Defense Forme,100,50,70,160,70,160,90,Psychic,,FALSE
#386.3,3,Deoxys - Speed Forme,100,50,95,90,95,90,180,Psychic,,FALSE
#387,4,Turtwig,53,55,68,64,45,55,31,Grass,,FALSE
#388,4,Grotle,67.5,75,89,85,55,65,36,Grass,,FALSE
#389,4,Torterra,87.5,95,109,105,75,85,56,Grass,Ground,FALSE
#390,4,Chimchar,51.5,44,58,44,58,44,61,Fire,,FALSE
#391,4,Monferno,67.5,64,78,52,78,52,81,Fire,Fighting,FALSE
#392,4,Infernape,89,76,104,71,104,71,108,Fire,Fighting,FALSE
#393,4,Piplup,52.33333333,53,51,53,61,56,40,Water,,FALSE
#394,4,Prinplup,67.5,64,66,68,81,76,50,Water,,FALSE
#395,4,Empoleon,88.33333333,84,86,88,111,101,60,Water,Steel,FALSE
#396,4,Starly,40.83333333,40,55,30,30,30,60,Normal,Flying,FALSE
#397,4,Staravia,56.66666667,55,75,50,40,40,80,Normal,Flying,FALSE
#398,4,Staraptor,79.16666667,85,120,70,50,50,100,Normal,Flying,FALSE
#399,4,Bidoof,41.66666667,59,45,40,35,40,31,Normal,,FALSE
#400,4,Bibarel,68.33333333,79,85,60,55,60,71,Normal,Water,FALSE
#401,4,Kricketot,32.33333333,37,25,41,25,41,25,Bug,,FALSE
#402,4,Kricketune,64,77,85,51,55,51,65,Bug,,FALSE
#403,4,Shinx,43.83333333,45,65,34,40,34,45,Electric,,FALSE
#404,4,Luxio,60.5,60,85,49,60,49,60,Electric,,FALSE
#405,4,Luxray,87.16666667,80,120,79,95,79,70,Electric,,FALSE
#406,4,Budew,46.66666667,40,30,35,50,70,55,Grass,Poison,FALSE
#407,4,Roserade,84.16666667,60,70,55,125,105,90,Grass,Poison,FALSE
#408,4,Cranidos,58.33333333,67,125,40,30,30,58,Rock,,FALSE
#409,4,Rampardos,82.5,97,165,60,65,50,58,Rock,,FALSE
#410,4,Shieldon,58.33333333,30,42,118,42,88,30,Rock,Steel,FALSE
#411,4,Bastiodon,82.5,60,52,168,47,138,30,Rock,Steel,FALSE
#412,4,Burmy,37.33333333,40,29,45,29,45,36,Bug,,FALSE
#413,4,Wormadam - Plant Cloak,70.66666667,60,59,85,79,105,36,Bug,,FALSE
#413.1,4,Wormadam - Sandy Cloak,70.66666667,60,79,105,59,85,36,Bug,,FALSE
#413.2,4,Wormadam - Trash Cloak,70.66666667,60,69,95,69,95,36,Bug,,FALSE
#414,4,Mothim,70.66666667,70,94,50,94,50,66,Bug,Flying,FALSE
#415,4,Combee,40.66666667,30,30,42,30,42,70,Bug,Flying,FALSE
#416,4,Vespiquen,79,70,80,102,80,102,40,Bug,Flying,FALSE
#417,4,Pachirisu,67.5,60,45,70,45,90,95,Electric,,FALSE
#418,4,Buizel,55,55,65,35,60,30,85,Water,,FALSE
#419,4,Floatzel,82.5,85,105,55,85,50,115,Water,,FALSE
#420,4,Cherubi,45.83333333,45,35,45,62,53,35,Grass,,FALSE
#421,4,Cherrim,75,70,60,70,87,78,85,Grass,,FALSE
#422,4,Shellos,54.16666667,76,48,48,57,62,34,Water,,FALSE
#423,4,Gastrodon,79.16666667,111,83,68,92,82,39,Water,Ground,FALSE
#424,4,Ambipom,80.33333333,75,100,66,60,66,115,Normal,,FALSE
#425,4,Drifloon,58,90,50,34,60,44,70,Ghost,Flying,FALSE
#426,4,Drifblim,83,150,80,44,90,54,80,Ghost,Flying,FALSE
#427,4,Buneary,58.33333333,55,66,44,44,56,85,Normal,,FALSE
#428,4,Lopunny,80,65,76,84,54,96,105,Normal,,FALSE
#428.1,4,Mega Lopunny,96.66666667,65,136,94,54,96,135,Normal,Fighting,TRUE
#429,4,Mismagius,82.5,60,60,60,105,105,105,Ghost,,FALSE
#430,4,Honchkrow,84.16666667,100,125,52,105,52,71,Dark,Flying,FALSE
#431,4,Glameow,51.66666667,49,55,42,42,37,85,Normal,,FALSE
#432,4,Purugly,75.33333333,71,82,64,64,59,112,Normal,,FALSE
#433,4,Chingling,47.5,45,30,50,65,50,45,Psychic,,FALSE
#434,4,Stunky,54.83333333,63,63,47,41,41,74,Poison,Dark,FALSE
#435,4,Skuntank,79.83333333,103,93,67,71,61,84,Poison,Dark,FALSE
#436,4,Bronzor,50,57,24,86,24,86,23,Steel,Psychic,FALSE
#437,4,Bronzong,83.33333333,67,89,116,79,116,33,Steel,Psychic,FALSE
#438,4,Bonsly,48.33333333,50,80,95,10,45,10,Rock,,FALSE
#439,4,Mime Jr.,51.66666667,20,25,45,70,90,60,Psychic,Fairy,FALSE
#440,4,Happiny,36.66666667,100,5,5,15,65,30,Normal,,FALSE
#441,4,Chatot,68.5,76,65,45,92,42,91,Normal,Flying,FALSE
#442,4,Spiritomb,80.83333333,50,92,108,92,108,35,Ghost,Dark,FALSE
#443,4,Gible,50,58,70,45,40,45,42,Dragon,Ground,FALSE
#444,4,Gabite,68.33333333,68,90,65,50,55,82,Dragon,Ground,FALSE
#445,4,Garchomp,100,108,130,95,80,85,102,Dragon,Ground,FALSE
#445.1,4,Mega Garchomp,116.6666667,108,170,115,120,95,92,Dragon,Ground,TRUE
#446,4,Munchlax,65,135,85,40,40,85,5,Normal,,FALSE
#447,4,Riolu,47.5,40,70,40,35,40,60,Fighting,,FALSE
#448,4,Lucario,87.5,70,110,70,115,70,90,Fighting,Steel,FALSE
#448.1,4,Mega Lucario,104.1666667,70,145,88,140,70,112,Fighting,Steel,TRUE
#449,4,Hippopotas,55,68,72,78,38,42,32,Ground,,FALSE
#450,4,Hippowdon,87.5,108,112,118,68,72,47,Ground,,FALSE
#451,4,Skorupi,55,40,50,90,30,55,65,Poison,Bug,FALSE
#452,4,Drapion,83.33333333,70,90,110,60,75,95,Poison,Dark,FALSE
#453,4,Croagunk,50,48,61,40,61,40,50,Poison,Fighting,FALSE
#454,4,Toxicroak,81.66666667,83,106,65,86,65,85,Poison,Fighting,FALSE
#455,4,Carnivine,75.66666667,74,100,72,90,72,46,Grass,,FALSE
#456,4,Finneon,55,49,49,56,49,61,66,Water,,FALSE
#457,4,Lumineon,76.66666667,69,69,76,69,86,91,Water,,FALSE
#458,4,Mantyke,57.5,45,20,50,60,120,50,Water,Flying,FALSE
#459,4,Snover,55.66666667,60,62,50,62,60,40,Grass,Ice,FALSE
#460,4,Abomasnow,82.33333333,90,92,75,92,85,60,Grass,Ice,FALSE
#460.1,4,Mega Abomasnow,99,90,132,105,132,105,30,Grass,Ice,TRUE
#461,4,Weavile,85,70,120,65,45,85,125,Dark,Ice,FALSE
#462,4,Magnezone,89.16666667,70,70,115,130,90,60,Electric,Steel,FALSE
#463,4,Lickilicky,85.83333333,110,85,95,80,95,50,Normal,,FALSE
#464,4,Rhyperior,89.16666667,115,140,130,55,55,40,Ground,Rock,FALSE
#465,4,Tangrowth,89.16666667,100,100,125,110,50,50,Grass,,FALSE
#466,4,Electivire,90,75,123,67,95,85,95,Electric,,FALSE
#467,4,Magmortar,90,75,95,67,125,95,83,Fire,,FALSE
#468,4,Togekiss,90.83333333,85,50,95,120,115,80,Fairy,Flying,FALSE
#469,4,Yanmega,85.83333333,86,76,86,116,56,95,Bug,Flying,FALSE
#470,4,Leafeon,87.5,65,110,130,60,65,95,Grass,,FALSE
#471,4,Glaceon,87.5,65,60,110,130,95,65,Ice,,FALSE
#472,4,Gliscor,85,75,95,125,45,75,95,Ground,Flying,FALSE
#473,4,Mamoswine,88.33333333,110,130,80,70,60,80,Ice,Ground,FALSE
#474,4,Porygon-Z,89.16666667,85,80,70,135,75,90,Normal,,FALSE
#475,4,Gallade,86.33333333,68,125,65,65,115,80,Psychic,Fighting,FALSE
#475.1,4,Mega Gallade,103,68,165,95,65,115,110,Psychic,Fighting,TRUE
#476,4,Probopass,87.5,60,55,145,75,150,40,Rock,Steel,FALSE
#477,4,Dusknoir,87.5,45,100,135,65,135,45,Ghost,,FALSE
#478,4,Froslass,80,70,80,70,80,70,110,Ice,Ghost,FALSE
#479,4,Rotom,73.33333333,50,50,77,95,77,91,Electric,Ghost,FALSE
#479.1,4,Heat Rotom,86.66666667,50,65,107,105,107,86,Electric,Fire,FALSE
#479.2,4,Wash Rotom,86.66666667,50,65,107,105,107,86,Electric,Water,FALSE
#479.3,4,Frost Rotom,86.66666667,50,65,107,105,107,86,Electric,Ice,FALSE
#479.4,4,Fan Rotom,86.66666667,50,65,107,105,107,86,Electric,Flying,FALSE
#479.5,4,Mow Rotom,86.66666667,50,65,107,105,107,86,Electric,Grass,FALSE
#480,4,Uxie,96.66666667,75,75,130,75,130,95,Psychic,,FALSE
#481,4,Mesprit,96.66666667,80,105,105,105,105,80,Psychic,,FALSE
#482,4,Azelf,96.66666667,75,125,70,125,70,115,Psychic,,FALSE
#483,4,Dialga,113.3333333,100,120,120,150,100,90,Steel,Dragon,FALSE
#484,4,Palkia,113.3333333,90,120,100,150,120,100,Water,Dragon,FALSE
#485,4,Heatran,100,91,90,106,130,106,77,Fire,Steel,FALSE
#486,4,Regigigas,111.6666667,110,160,110,80,110,100,Normal,,FALSE
#487,4,Giratina - Altered Forme,113.3333333,150,100,120,100,120,90,Ghost,Dragon,FALSE
#487.1,4,Giratina - Origin Forme,113.3333333,150,120,100,120,100,90,Ghost,Dragon,FALSE
#488,4,Cresselia,100,120,70,120,75,130,85,Psychic,,FALSE
#489,4,Phione,80,80,80,80,80,80,80,Water,,FALSE
#490,4,Manaphy,100,100,100,100,100,100,100,Water,,FALSE
#491,4,Darkrai,100,70,90,90,135,90,125,Dark,,FALSE
#492,4,Shaymin - Land Forme,100,100,100,100,100,100,100,Grass,,FALSE
#492.1,4,Shaymin - Sky Forme,100,100,103,75,120,75,127,Grass,Flying,FALSE
#493,4,Arceus,120,120,120,120,120,120,120,Normal,,FALSE
#494,4,Victini,100,100,100,100,100,100,100,Psychic,Fire,FALSE
#495,5,Snivy,51.33333333,45,45,55,45,55,63,Grass,,FALSE
#496,5,Servine,68.83333333,60,60,75,60,75,83,Grass,,FALSE
#497,5,Serperior,88,75,75,95,75,95,113,Grass,,FALSE
#498,5,Tepig,51.33333333,65,63,45,45,45,45,Fire,,FALSE
#499,5,Pignite,69.66666667,90,93,55,70,55,55,Fire,Fighting,FALSE
#500,5,Emboar,88,110,123,65,100,65,65,Fire,Fighting,FALSE
#501,5,Oshawott,51.33333333,55,55,45,63,45,45,Water,,FALSE
#502,5,Dewott,68.83333333,75,75,60,83,60,60,Water,,FALSE
#503,5,Samurott,88,95,100,85,108,70,70,Water,,FALSE
#504,5,Patrat,42.5,45,55,39,35,39,42,Normal,,FALSE
#505,5,Watchog,70,60,85,69,60,69,77,Normal,,FALSE
#506,5,Lillipup,45.83333333,45,60,45,25,45,55,Normal,,FALSE
#507,5,Herdier,61.66666667,65,80,65,35,65,60,Normal,,FALSE
#508,5,Stoutland,81.66666667,85,100,90,45,90,80,Normal,,FALSE
#509,5,Purrloin,46.83333333,41,50,37,50,37,66,Dark,,FALSE
#510,5,Liepard,74.33333333,64,88,50,88,50,106,Dark,,FALSE
#511,5,Pansage,52.66666667,50,53,48,53,48,64,Grass,,FALSE
#512,5,Simisage,83,75,98,63,98,63,101,Grass,,FALSE
#513,5,Pansear,52.66666667,50,53,48,53,48,64,Fire,,FALSE
#514,5,Simisear,83,75,98,63,98,63,101,Fire,,FALSE
#515,5,Panpour,52.66666667,50,53,48,53,48,64,Water,,FALSE
#516,5,Simipour,83,75,98,63,98,63,101,Water,,FALSE
#517,5,Munna,48.66666667,76,25,45,67,55,24,Psychic,,FALSE
#518,5,Musharna,81.16666667,116,55,85,107,95,29,Psychic,,FALSE
#519,5,Pidove,44,50,55,50,36,30,43,Normal,Flying,FALSE
#520,5,Tranquill,59.66666667,62,77,62,50,42,65,Normal,Flying,FALSE
#521,5,Unfezant,79.66666667,80,105,80,65,55,93,Normal,Flying,FALSE
#522,5,Blitzle,49.16666667,45,60,32,50,32,76,Electric,,FALSE
#523,5,Zebstrika,82.83333333,75,100,63,80,63,116,Electric,,FALSE
#524,5,Roggenrola,46.66666667,55,75,85,25,25,15,Rock,,FALSE
#525,5,Boldore,65,70,105,105,50,40,20,Rock,,FALSE
#526,5,Gigalith,84.16666667,85,135,130,60,70,25,Rock,,FALSE
#527,5,Woobat,52.16666667,55,45,43,55,43,72,Psychic,Flying,FALSE
#528,5,Swoobat,70.83333333,67,57,55,77,55,114,Psychic,Flying,FALSE
#529,5,Drilbur,54.66666667,60,85,40,30,45,68,Ground,,FALSE
#530,5,Excadrill,84.66666667,110,135,60,50,65,88,Ground,Steel,FALSE
#531,5,Audino,74.16666667,103,60,86,60,86,50,Normal,,FALSE
#531.1,5,Mega Audino,90.83333333,103,60,126,80,126,50,Normal,Fairy,TRUE
#532,5,Timburr,50.83333333,75,80,55,25,35,35,Fighting,,FALSE
#533,5,Gurdurr,67.5,85,105,85,40,50,40,Fighting,,FALSE
#534,5,Conkeldurr,84.16666667,105,140,95,55,65,45,Fighting,,FALSE
#535,5,Tympole,49,50,50,40,50,40,64,Water,,FALSE
#536,5,Palpitoad,64,75,65,55,65,55,69,Water,Ground,FALSE
#537,5,Seismitoad,83.16666667,105,85,75,85,75,74,Water,Ground,FALSE
#538,5,Throh,77.5,120,100,85,30,85,45,Fighting,,FALSE
#539,5,Sawk,77.5,75,125,75,30,75,85,Fighting,,FALSE
#540,5,Sewaddle,51.66666667,45,53,70,40,60,42,Bug,Grass,FALSE
#541,5,Swadloon,63.33333333,55,63,90,50,80,42,Bug,Grass,FALSE
#542,5,Leavanny,81.66666667,75,103,80,70,70,92,Bug,Grass,FALSE
#543,5,Venipede,43.33333333,30,45,59,30,39,57,Bug,Poison,FALSE
#544,5,Whirlipede,60,40,55,99,40,79,47,Bug,Poison,FALSE
#545,5,Scolipede,79.16666667,60,90,89,55,69,112,Bug,Poison,FALSE
#546,5,Cottonee,46.66666667,40,27,60,37,50,66,Grass,,FALSE
#547,5,Whimsicott,80,60,67,85,77,75,116,Grass,,FALSE
#548,5,Petilil,46.66666667,45,35,50,70,50,30,Grass,,FALSE
#549,5,Lilligant,80,70,60,75,110,75,90,Grass,,FALSE
#550,5,Basculin - Red-Striped Form,76.66666667,70,92,65,80,55,98,Water,,FALSE
#550.1,5,Basculin - Blue-Striped Form,76.66666667,70,92,65,80,55,98,Water,,FALSE
#551,5,Sandile,48.66666667,50,72,35,35,35,65,Ground,Dark,FALSE
#552,5,Krokorok,58.5,60,82,45,45,45,74,Ground,Dark,FALSE
#553,5,Krookodile,84.83333333,95,117,70,65,70,92,Ground,Dark,FALSE
#554,5,Darumaka,52.5,70,90,45,15,45,50,Fire,,FALSE
#554.1,5,Galarian Darumaka,52.5,70,90,45,15,45,50,Ice,,FALSE
#555,5,Darmanitan - Standard Mode,80,105,140,55,30,55,95,Fire,,FALSE
#555.1,5,Darmanitan - Zen Mode,90,105,30,105,140,105,55,Fire,Psychic,FALSE
#555.2,5,Galarian Darmanitan - Standard Mode,80,105,140,55,30,55,95,Ice,,FALSE
#555.3,5,Galarian Darmanitan - Zen Mode,90,105,160,55,30,55,135,Ice,Fire,FALSE
#556,5,Maractus,76.83333333,75,86,67,106,67,60,Grass,,FALSE
#557,5,Dwebble,54.16666667,50,65,85,35,35,55,Bug,Rock,FALSE
#558,5,Crustle,79.16666667,70,95,125,65,75,45,Bug,Rock,FALSE
#559,5,Scraggy,58,50,75,70,35,70,48,Dark,Fighting,FALSE
#560,5,Scrafty,81.33333333,65,90,115,45,115,58,Dark,Fighting,FALSE
#561,5,Sigilyph,81.66666667,72,58,80,103,80,97,Psychic,Flying,FALSE
#562,5,Yamask,50.5,38,30,85,55,65,30,Ghost,,FALSE
#562.1,5,Galarian Yamask,50.5,38,55,85,30,65,30,Ground,Ghost,FALSE
#563,5,Cofagrigus,80.5,58,50,145,95,105,30,Ghost,,FALSE
#564,5,Tirtouga,59.16666667,54,78,103,53,45,22,Water,Rock,FALSE
#565,5,Carracosta,82.5,74,108,133,83,65,32,Water,Rock,FALSE
#566,5,Archen,66.83333333,55,112,45,74,45,70,Rock,Flying,FALSE
#567,5,Archeops,94.5,75,140,65,112,65,110,Rock,Flying,FALSE
#568,5,Trubbish,54.83333333,50,50,62,40,62,65,Poison,,FALSE
#569,5,Garbodor,79,80,95,82,60,82,75,Poison,,FALSE
#570,5,Zorua,55,40,65,40,80,40,65,Dark,,FALSE
#571,5,Zoroark,85,60,105,60,120,60,105,Dark,,FALSE
#572,5,Minccino,50,55,50,40,40,40,75,Normal,,FALSE
#573,5,Cinccino,78.33333333,75,95,60,65,60,115,Normal,,FALSE
#574,5,Gothita,48.33333333,45,30,50,55,65,45,Psychic,,FALSE
#575,5,Gothorita,65,60,45,70,75,85,55,Psychic,,FALSE
#576,5,Gothitelle,81.66666667,70,55,95,95,110,65,Psychic,,FALSE
#577,5,Solosis,48.33333333,45,30,40,105,50,20,Psychic,,FALSE
#578,5,Duosion,61.66666667,65,40,50,125,60,30,Psychic,,FALSE
#579,5,Reuniclus,81.66666667,110,65,75,125,85,30,Psychic,,FALSE
#580,5,Ducklett,50.83333333,62,44,50,44,50,55,Water,Flying,FALSE
#581,5,Swanna,78.83333333,75,87,63,87,63,98,Water,Flying,FALSE
#582,5,Vanillite,50.83333333,36,50,50,65,60,44,Ice,,FALSE
#583,5,Vanillish,65.83333333,51,65,65,80,75,59,Ice,,FALSE
#584,5,Vanilluxe,89.16666667,71,95,85,110,95,79,Ice,,FALSE
#585,5,Deerling,55.83333333,60,60,50,40,50,75,Normal,Grass,FALSE
#586,5,Sawsbuck,79.16666667,80,100,70,60,70,95,Normal,Grass,FALSE
#587,5,Emolga,71.33333333,55,75,60,75,60,103,Electric,Flying,FALSE
#588,5,Karrablast,52.5,50,75,45,40,45,60,Bug,,FALSE
#589,5,Escavalier,82.5,70,135,105,60,105,20,Bug,Steel,FALSE
#590,5,Foongus,49,69,55,45,55,55,15,Grass,Poison,FALSE
#591,5,Amoonguss,77.33333333,114,85,70,85,80,30,Grass,Poison,FALSE
#592,5,Frillish,55.83333333,55,40,50,65,85,40,Water,Ghost,FALSE
#593,5,Jellicent,80,100,60,70,85,105,60,Water,Ghost,FALSE
#594,5,Alomomola,78.33333333,165,75,80,40,45,65,Water,,FALSE
#595,5,Joltik,53.16666667,50,47,50,57,50,65,Bug,Electric,FALSE
#596,5,Galvantula,78.66666667,70,77,60,97,60,108,Bug,Electric,FALSE
#597,5,Ferroseed,50.83333333,44,50,91,24,86,10,Grass,Steel,FALSE
#598,5,Ferrothorn,81.5,74,94,131,54,116,20,Grass,Steel,FALSE
#599,5,Klink,50,40,55,70,45,60,30,Steel,,FALSE
#600,5,Klang,73.33333333,60,80,95,70,85,50,Steel,,FALSE
#601,5,Klinklang,86.66666667,60,100,115,70,85,90,Steel,,FALSE
#602,5,Tynamo,45.83333333,35,55,40,45,40,60,Electric,,FALSE
#603,5,Eelektrik,67.5,65,85,70,75,70,40,Electric,,FALSE
#604,5,Eelektross,85.83333333,85,115,80,105,80,50,Electric,,FALSE
#605,5,Elgyem,55.83333333,55,55,55,85,55,30,Psychic,,FALSE
#606,5,Beheeyem,80.83333333,75,75,75,125,95,40,Psychic,,FALSE
#607,5,Litwick,45.83333333,50,30,55,65,55,20,Ghost,Fire,FALSE
#608,5,Lampent,61.66666667,60,40,60,95,60,55,Ghost,Fire,FALSE
#609,5,Chandelure,86.66666667,60,55,90,145,90,80,Ghost,Fire,FALSE
#610,5,Axew,53.33333333,46,87,60,30,40,57,Dragon,,FALSE
#611,5,Fraxure,68.33333333,66,117,70,40,50,67,Dragon,,FALSE
#612,5,Haxorus,90,76,147,90,60,70,97,Dragon,,FALSE
#613,5,Cubchoo,50.83333333,55,70,40,60,40,40,Ice,,FALSE
#614,5,Beartic,80.83333333,95,110,80,70,80,50,Ice,,FALSE
#615,5,Cryogonal,80.83333333,70,50,30,95,135,105,Ice,,FALSE
#616,5,Shelmet,50.83333333,50,40,85,40,65,25,Bug,,FALSE
#617,5,Accelgor,82.5,80,70,40,100,60,145,Bug,,FALSE
#618,5,Stunfisk,78.5,109,66,84,81,99,32,Electric,Ground,FALSE
#618.1,5,Galarian Stunfisk,78.5,109,81,99,66,84,32,Ground,Steel,FALSE
#619,5,Mienfoo,58.33333333,45,85,50,55,50,65,Fighting,,FALSE
#620,5,Mienshao,85,65,125,60,95,60,105,Fighting,,FALSE
#621,5,Druddigon,80.83333333,77,120,90,60,90,48,Dragon,,FALSE
#622,5,Golett,50.5,59,74,50,35,50,35,Ground,Ghost,FALSE
#623,5,Golurk,80.5,89,124,80,55,80,55,Ground,Ghost,FALSE
#624,5,Pawniard,56.66666667,45,85,70,40,40,60,Dark,Steel,FALSE
#625,5,Bisharp,81.66666667,65,125,100,60,70,70,Dark,Steel,FALSE
#626,5,Bouffalant,81.66666667,95,110,95,40,95,55,Normal,,FALSE
#627,5,Rufflet,58.33333333,70,83,50,37,50,60,Normal,Flying,FALSE
#628,5,Braviary,85,100,123,75,57,75,80,Normal,Flying,FALSE
#629,5,Vullaby,61.66666667,70,55,75,45,65,60,Dark,Flying,FALSE
#630,5,Mandibuzz,85,110,65,105,55,95,80,Dark,Flying,FALSE
#631,5,Heatmor,80.66666667,85,97,66,105,66,65,Fire,,FALSE
#632,5,Durant,80.66666667,58,109,112,48,48,109,Bug,Steel,FALSE
#633,5,Deino,50,52,65,50,45,50,38,Dark,Dragon,FALSE
#634,5,Zweilous,70,72,85,70,65,70,58,Dark,Dragon,FALSE
#635,5,Hydreigon,100,92,105,90,125,90,98,Dark,Dragon,FALSE
#636,5,Larvesta,60,55,85,55,50,55,60,Bug,Fire,FALSE
#637,5,Volcarona,91.66666667,85,60,65,135,105,100,Bug,Fire,FALSE
#638,5,Cobalion,96.66666667,91,90,129,90,72,108,Steel,Fighting,FALSE
#639,5,Terrakion,96.66666667,91,129,90,72,90,108,Rock,Fighting,FALSE
#640,5,Virizion,96.66666667,91,90,72,90,129,108,Grass,Fighting,FALSE
#641,5,Tornadus - Incarnate Forme,96.66666667,79,115,70,125,80,111,Flying,,FALSE
#641.1,5,Tornadus - Therian Forme,96.66666667,79,100,80,110,90,121,Flying,,FALSE
#642,5,Thundurus - Incarnate Forme,96.66666667,79,115,70,125,80,111,Electric,Flying,FALSE
#642.1,5,Thundurus - Therian Forme,96.66666667,79,105,70,145,80,101,Electric,Flying,FALSE
#643,5,Reshiram,113.3333333,100,120,100,150,120,90,Dragon,Fire,FALSE
#644,5,Zekrom,113.3333333,100,150,120,120,100,90,Dragon,Electric,FALSE
#645,5,Landorus - Incarnate Forme,100,89,125,90,115,80,101,Ground,Flying,FALSE
#645.1,5,Landorus - Therian Forme,100,89,145,90,105,80,91,Ground,Flying,FALSE
#646,5,Kyurem,110,125,130,90,130,90,95,Dragon,Ice,FALSE
#646.1,5,White Kyurem,116.6666667,125,120,90,170,100,95,Dragon,Ice,FALSE
#646.2,5,Black Kyurem,116.6666667,125,170,100,120,90,95,Dragon,Ice,FALSE
#647,5,Keldeo - Ordinary Form,96.66666667,91,72,90,129,90,108,Water,Fighting,FALSE
#647.1,5,Keldeo - Resolute Form,96.66666667,91,72,90,129,90,108,Water,Fighting,FALSE
#648,5,Meloetta - Aria Forme,100,100,77,77,128,128,90,Normal,Psychic,FALSE
#648.1,5,Meloetta - Pirouette Forme,100,100,77,77,128,128,90,Normal,Fighting,FALSE
#649,5,Genesect,100,71,120,95,120,95,99,Bug,Steel,FALSE
#650,6,Chespin,52.16666667,56,61,65,48,45,38,Grass,,FALSE
#651,6,Quilladin,67.5,61,78,95,56,58,57,Grass,,FALSE
#652,6,Chesnaught,88.33333333,88,107,122,74,75,64,Grass,Fighting,FALSE
#653,6,Fennekin,51.16666667,40,45,40,62,60,60,Fire,,FALSE
#654,6,Braixen,68.16666667,59,59,58,90,70,73,Fire,,FALSE
#655,6,Delphox,89,75,69,72,114,100,104,Fire,Psychic,FALSE
#656,6,Froakie,52.33333333,41,56,40,62,44,71,Water,,FALSE
#657,6,Frogadier,67.5,54,63,52,83,56,97,Water,,FALSE
#658,6,Greninja,88.33333333,72,95,67,103,71,122,Water,Dark,FALSE
#658.1,6,Ash-Greninja,106.6666667,72,145,67,153,71,132,Water,Dark,FALSE
#659,6,Bunnelby,39.5,38,36,38,32,36,57,Normal,,FALSE
#660,6,Diggersby,70.5,85,56,77,50,77,78,Normal,Ground,FALSE
#661,6,Fletchling,46.33333333,45,50,43,40,38,62,Normal,Flying,FALSE
#662,6,Fletchinder,63.66666667,62,73,55,56,52,84,Fire,Flying,FALSE
#663,6,Talonflame,83.16666667,78,81,71,74,69,126,Fire,Flying,FALSE
#664,6,Scatterbug,33.33333333,38,35,40,27,25,35,Bug,,FALSE
#665,6,Spewpa,35.5,45,22,60,27,30,29,Bug,,FALSE
#666,6,Vivillon,68.5,80,52,50,90,50,89,Bug,Flying,FALSE
#667,6,Litleo,61.5,62,50,58,73,54,72,Fire,Normal,FALSE
#668,6,Pyroar,84.5,86,68,72,109,66,106,Fire,Normal,FALSE
#669,6,Flabébé,50.5,44,38,39,61,79,42,Fairy,,FALSE
#670,6,Floette,61.83333333,54,45,47,75,98,52,Fairy,,FALSE
#671,6,Florges,92,78,65,68,112,154,75,Fairy,,FALSE
#672,6,Skiddo,58.33333333,66,65,48,62,57,52,Grass,,FALSE
#673,6,Gogoat,88.5,123,100,62,97,81,68,Grass,,FALSE
#674,6,Pancham,58,67,82,62,46,48,43,Fighting,,FALSE
#675,6,Pangoro,82.5,95,124,78,69,71,58,Fighting,Dark,FALSE
#676,6,Furfrou,78.66666667,75,80,60,65,90,102,Normal,,FALSE
#677,6,Espurr,59.16666667,62,48,54,63,60,68,Psychic,,FALSE
#678,6,Meowstic,77.66666667,74,48,76,83,81,104,Psychic,,FALSE
#679,6,Honedge,54.16666667,45,80,100,35,37,28,Steel,Ghost,FALSE
#680,6,Doublade,74.66666667,59,110,150,45,49,35,Steel,Ghost,FALSE
#681,6,Aegislash - Blade Forme,86.66666667,60,150,50,150,50,60,Steel,Ghost,FALSE
#681.1,6,Aegislash - Shield Forme,86.66666667,60,50,150,50,150,60,Steel,Ghost,FALSE
#682,6,Spritzee,56.83333333,78,52,60,63,65,23,Fairy,,FALSE
#683,6,Aromatisse,77,101,72,72,99,89,29,Fairy,,FALSE
#684,6,Swirlix,56.83333333,62,48,66,59,57,49,Fairy,,FALSE
#685,6,Slurpuff,80,82,80,86,85,75,72,Fairy,,FALSE
#686,6,Inkay,48,53,54,53,37,46,45,Dark,Psychic,FALSE
#687,6,Malamar,80.33333333,86,92,88,68,75,73,Dark,Psychic,FALSE
#688,6,Binacle,51,42,52,67,39,56,50,Rock,Water,FALSE
#689,6,Barbaracle,83.33333333,72,105,115,54,86,68,Rock,Water,FALSE
#690,6,Skrelp,53.33333333,50,60,60,60,60,30,Poison,Water,FALSE
#691,6,Dragalge,82.33333333,65,75,90,97,123,44,Poison,Dragon,FALSE
#692,6,Clauncher,55,50,53,62,58,63,44,Water,,FALSE
#693,6,Clawitzer,83.33333333,71,73,88,120,89,59,Water,,FALSE
#694,6,Helioptile,48.16666667,44,38,33,61,43,70,Electric,Normal,FALSE
#695,6,Heliolisk,80.16666667,62,55,52,109,94,109,Electric,Normal,FALSE
#696,6,Tyrunt,60.33333333,58,89,77,45,45,48,Rock,Dragon,FALSE
#697,6,Tyrantrum,86.83333333,82,121,119,69,59,71,Rock,Dragon,FALSE
#698,6,Amaura,60.33333333,77,59,50,67,63,46,Rock,Ice,FALSE
#699,6,Aurorus,86.83333333,123,77,72,99,92,58,Rock,Ice,FALSE
#700,6,Sylveon,87.5,95,65,65,110,130,60,Fairy,,FALSE
#701,6,Hawlucha,83.33333333,78,92,75,74,63,118,Fighting,Flying,FALSE
#702,6,Dedenne,71.83333333,67,58,57,81,67,101,Electric,Fairy,FALSE
#703,6,Carbink,83.33333333,50,50,150,50,150,50,Rock,Fairy,FALSE
#704,6,Goomy,50,45,50,35,55,75,40,Dragon,,FALSE
#705,6,Sliggoo,75.33333333,68,75,53,83,113,60,Dragon,,FALSE
#706,6,Goodra,100,90,100,70,110,150,80,Dragon,,FALSE
#707,6,Klefki,78.33333333,57,80,91,80,87,75,Steel,Fairy,FALSE
#708,6,Phantump,51.5,43,70,48,50,60,38,Ghost,Grass,FALSE
#709,6,Trevenant,79,85,110,76,65,82,56,Ghost,Grass,FALSE
#710,6,Pumpkaboo - Average Size,55.83333333,49,66,70,44,55,51,Ghost,Grass,FALSE
#710.1,6,Pumpkaboo - Small Size,55.83333333,44,66,70,44,55,56,Ghost,Grass,FALSE
#710.2,6,Pumpkaboo - Large Size,55.83333333,54,66,70,44,55,46,Ghost,Grass,FALSE
#710.3,6,Pumpkaboo - Super Size,55.83333333,59,66,70,44,55,41,Ghost,Grass,FALSE
#711,6,Gourgeist - Average Size,82.33333333,65,90,122,58,75,84,Ghost,Grass,FALSE
#711.1,6,Gourgeist - Small Size,82.33333333,55,85,122,58,75,99,Ghost,Grass,FALSE
#711.2,6,Gourgeist - Large Size,82.33333333,75,95,122,58,75,69,Ghost,Grass,FALSE
#711.3,6,Gourgeist -Super Size,82.33333333,85,100,122,58,75,54,Ghost,Grass,FALSE
#712,6,Bergmite,50.66666667,55,69,85,32,35,28,Ice,,FALSE
#713,6,Avalugg,85.66666667,95,117,184,44,46,28,Ice,,FALSE
#714,6,Noibat,40.83333333,40,30,35,45,40,55,Flying,Dragon,FALSE
#715,6,Noivern,89.16666667,85,70,80,97,80,123,Flying,Dragon,FALSE
#716,6,Xerneas,113.3333333,126,131,95,131,98,99,Fairy,,FALSE
#717,6,Yveltal,113.3333333,126,131,95,131,98,99,Dark,Flying,FALSE
#718,6,Zygarde - 50% Forme,100,108,100,121,81,95,95,Dragon,Ground,FALSE
#718.1,6,Zygarde - 10% Forme,81,54,100,71,61,85,115,Dragon,Ground,FALSE
#718.2,6,Zygarde - Complete Forme,118,216,100,121,91,95,85,Dragon,Ground,FALSE
#719,6,Diancie,100,50,100,150,100,150,50,Rock,Fairy,FALSE
#719.1,6,Mega Diancie,116.6666667,50,160,110,160,110,110,Rock,Fairy,TRUE
#720,6,Hoopa Confined,100,80,110,60,150,130,70,Psychic,Ghost,FALSE
#720.1,6,Hoopa Unbound,113.3333333,80,160,60,170,130,80,Psychic,Dark,FALSE
#721,6,Volcanion,100,80,110,120,130,90,70,Fire,Water,FALSE
#722,7,Rowlet,53.33333333,68,55,55,50,50,42,Grass,Flying,FALSE
#723,7,Dartrix,70,78,75,75,70,70,52,Grass,Flying,FALSE
#724,7,Decidueye,88.33333333,78,107,75,100,100,70,Grass,Ghost,FALSE
#725,7,Litten,53.33333333,45,65,40,60,40,70,Fire,,FALSE
#726,7,Torracat,70,65,85,50,80,50,90,Fire,,FALSE
#727,7,Incineroar,88.33333333,95,115,90,80,90,60,Fire,Dark,FALSE
#728,7,Popplio,53.33333333,50,54,54,66,56,40,Water,,FALSE
#729,7,Brionne,70,60,69,69,91,81,50,Water,,FALSE
#730,7,Primarina,88.33333333,80,74,74,126,116,60,Water,Fairy,FALSE
#731,7,Pikipek,44.16666667,35,75,30,30,30,65,Normal,Flying,FALSE
#732,7,Trumbeak,59.16666667,55,85,50,40,50,75,Normal,Flying,FALSE
#733,7,Toucannon,80.83333333,80,120,75,75,75,60,Normal,Flying,FALSE
#734,7,Yungoos,42.16666667,48,70,30,30,30,45,Normal,,FALSE
#735,7,Gumshoos,69.66666667,88,110,60,55,60,45,Normal,,FALSE
#736,7,Grubbin,50,47,62,45,55,45,46,Bug,,FALSE
#737,7,Charjabug,66.66666667,57,82,95,55,75,36,Bug,Electric,FALSE
#738,7,Vikavolt,83.33333333,77,70,90,145,75,43,Bug,Electric,FALSE
#739,7,Crabrawler,56.33333333,47,82,57,42,47,63,Fighting,,FALSE
#740,7,Crabominable,79.66666667,97,132,77,62,67,43,Fighting,Ice,FALSE
#741,7,Oricorio - Baile Style,79.33333333,75,70,70,98,70,93,Fire,Flying,FALSE
#741.1,7,Oricorio - Pom-Pom Style,79.33333333,75,70,70,98,70,93,Electric,Flying,FALSE
#741.2,7,Oricorio - Pa'u Style,79.33333333,75,70,70,98,70,93,Psychic,Flying,FALSE
#741.3,7,Oricorio - Sensu Style,79.33333333,75,70,70,98,70,93,Ghost,Flying,FALSE
#742,7,Cutiefly,50.66666667,40,45,40,55,40,84,Bug,Fairy,FALSE
#743,7,Ribombee,77.33333333,60,55,60,95,70,124,Bug,Fairy,FALSE
#744,7,Rockruff,46.66666667,45,65,40,30,40,60,Rock,,FALSE
#745,7,Lycanroc - Midday Form,81.16666667,75,115,65,55,65,112,Rock,,FALSE
#745.1,7,Lycanroc - Midnight Form,81.16666667,85,115,75,55,75,82,Rock,,FALSE
#745.2,7,Lycanroc - Dusk Form,81.16666667,75,117,65,55,65,110,Rock,,FALSE
#746,7,Wishiwashi - Solo Form,29.16666667,45,20,20,25,25,40,Water,,FALSE
#746.1,7,Wishiwashi - School Form,103.3333333,45,140,130,140,135,30,Water,,FALSE
#747,7,Mareanie,50.83333333,50,53,62,43,52,45,Poison,Water,FALSE
#748,7,Toxapex,82.5,50,63,152,53,142,35,Poison,Water,FALSE
#749,7,Mudbray,64.16666667,70,100,70,45,55,45,Ground,,FALSE
#750,7,Mudsdale,83.33333333,100,125,100,55,85,35,Ground,,FALSE
#751,7,Dewpider,44.83333333,38,40,52,40,72,27,Water,Bug,FALSE
#752,7,Araquanid,75.66666667,68,70,92,50,132,42,Water,Bug,FALSE
#753,7,Fomantis,41.66666667,40,55,35,50,35,35,Grass,,FALSE
#754,7,Lurantis,80,70,105,90,80,90,45,Grass,,FALSE
#755,7,Morelull,47.5,40,35,55,65,75,15,Grass,Fairy,FALSE
#756,7,Shiinotic,67.5,60,45,80,90,100,30,Grass,Fairy,FALSE
#757,7,Salandit,53.33333333,48,44,40,71,40,77,Poison,Fire,FALSE
#758,7,Salazzle,80,68,64,60,111,60,117,Poison,Fire,FALSE
#759,7,Stufful,56.66666667,70,75,50,45,50,50,Normal,Fighting,FALSE
#760,7,Bewear,83.33333333,120,125,80,55,60,60,Normal,Fighting,FALSE
#761,7,Bounsweet,35,42,30,38,30,38,32,Grass,,FALSE
#762,7,Steenee,48.33333333,52,40,48,40,48,62,Grass,,FALSE
#763,7,Tsareena,85,72,120,98,50,98,72,Grass,,FALSE
#764,7,Comfey,80.83333333,51,52,90,82,110,100,Fairy,,FALSE
#765,7,Oranguru,81.66666667,90,60,80,90,110,60,Normal,Psychic,FALSE
#766,7,Passimian,81.66666667,100,120,90,40,60,80,Fighting,,FALSE
#767,7,Wimpod,38.33333333,25,35,40,20,30,80,Bug,Water,FALSE
#768,7,Golisopod,88.33333333,75,125,140,60,90,40,Bug,Water,FALSE
#769,7,Sandygast,53.33333333,55,55,80,70,45,15,Ghost,Ground,FALSE
#770,7,Palossand,80,85,75,110,100,75,35,Ghost,Ground,FALSE
#771,7,Pyukumuku,68.33333333,55,60,130,30,130,5,Water,,FALSE
#772,7,Type: Null,89,95,95,95,95,95,59,Normal,,FALSE
#773,7,Silvally,95,95,95,95,95,95,95,Normal,,FALSE
#774,7,Minior - Meteor Form,73.33333333,60,60,100,60,100,60,Rock,Flying,FALSE
#774.1,7,Minior - Core Form,83.33333333,60,100,60,100,60,120,Rock,Flying,FALSE
#775,7,Komala,80,65,115,65,75,95,65,Normal,,FALSE
#776,7,Turtonator,80.83333333,60,78,135,91,85,36,Fire,Dragon,FALSE
#777,7,Togedemaru,72.5,65,98,63,40,73,96,Electric,Steel,FALSE
#778,7,Mimikyu,79.33333333,55,90,80,50,105,96,Ghost,Fairy,FALSE
#779,7,Bruxish,79.16666667,68,105,70,70,70,92,Water,Psychic,FALSE
#780,7,Drampa,80.83333333,78,60,85,135,91,36,Normal,Dragon,FALSE
#781,7,Dhelmise,86.16666667,70,131,100,86,90,40,Ghost,Grass,FALSE
#782,7,Jangmo-o,50,45,55,65,45,45,45,Dragon,,FALSE
#783,7,Hakamo-o,70,55,75,90,65,70,65,Dragon,Fighting,FALSE
#784,7,Kommo-o,100,75,110,125,100,105,85,Dragon,Fighting,FALSE
#785,7,Tapu Koko,95,70,115,85,95,75,130,Electric,Fairy,FALSE
#786,7,Tapu Lele,95,70,85,75,130,115,95,Psychic,Fairy,FALSE
#787,7,Tapu Bulu,95,70,130,115,85,95,75,Grass,Fairy,FALSE
#788,7,Tapu Fini,95,70,75,115,95,130,85,Water,Fairy,FALSE
#789,7,Cosmog,33.33333333,43,29,31,29,31,37,Psychic,,FALSE
#790,7,Cosmoem,66.66666667,43,29,131,29,131,37,Psychic,,FALSE
#791,7,Solgaleo,113.3333333,137,137,107,113,89,97,Psychic,Steel,FALSE
#792,7,Lunala,113.3333333,137,113,89,137,107,97,Psychic,Ghost,FALSE
#793,7,Nihilego,95,109,53,47,127,131,103,Rock,Poison,FALSE
#794,7,Buzzwole,95,107,139,139,53,53,79,Bug,Fighting,FALSE
#795,7,Pheromosa,95,71,137,37,137,37,151,Bug,Fighting,FALSE
#796,7,Xurkitree,95,83,89,71,173,71,83,Electric,,FALSE
#797,7,Celesteela,95,97,101,103,107,101,61,Steel,Flying,FALSE
#798,7,Kartana,95,59,181,131,59,31,109,Grass,Steel,FALSE
#799,7,Guzzlord,95,223,101,53,97,53,43,Dark,Dragon,FALSE
#800,7,Necrozma,100,97,107,101,127,89,79,Psychic,,FALSE
#800.1,7,Dusk Mane Necrozma,113.3333333,97,157,127,113,109,77,Psychic,Steel,FALSE
#800.2,7,Dawn Wings Necrozma,113.3333333,97,113,109,157,127,77,Psychic,Ghost,FALSE
#800.3,7,Ultra Necrozma,125.6666667,97,167,97,167,97,129,Psychic,Dragon,FALSE
#801,7,Magearna,100,80,95,115,130,115,65,Steel,Fairy,FALSE
#802,7,Marshadow,100,90,125,80,90,90,125,Fighting,Ghost,FALSE
#803,7,Poipole,70,67,73,67,73,67,73,Poison,,FALSE
#804,7,Naganadel,90,73,73,73,127,73,121,Poison,Dragon,FALSE
#805,7,Stakataka,95,61,131,211,53,101,13,Rock,Steel,FALSE
#806,7,Blacephalon,95,53,127,53,151,79,107,Fire,Ghost,FALSE
#807,7,Zeraora,100,88,112,75,102,80,143,Electric,,FALSE
#808,7,Meltan,50,46,65,65,55,35,34,Steel,,FALSE
#809,7,Melmetal,100,135,143,143,80,65,34,Steel,,FALSE
#810,8,Grookey,51.66666667,50,65,50,40,40,65,Grass,,FALSE
#811,8,Thwackey,70,70,85,70,55,60,80,Grass,,FALSE
#812,8,Rillaboom,88.33333333,100,125,90,60,70,85,Grass,,FALSE
#813,8,Scorbunny,51.66666667,50,71,40,40,40,69,Fire,,FALSE
#814,8,Raboot,51.66666667,50,71,40,40,40,69,Fire,,FALSE
#815,8,Cinderace,88.33333333,80,116,75,65,75,119,Fire,,FALSE
#816,8,Sobble,51.66666667,50,40,40,70,40,70,Water,,FALSE
#817,8,Drizzile,70,65,60,55,95,55,90,Water,,FALSE
#818,8,Inteleon,88.33333333,70,85,65,125,65,120,Water,,FALSE
#819,8,Skwovet,45.83333333,70,55,55,35,35,25,Normal,,FALSE
#820,8,Greedent,76.66666667,120,95,95,55,75,20,Normal,,FALSE
#821,8,Rookidee,40.83333333,38,47,35,33,35,57,Flying,,FALSE
#822,8,Corvisquire,60.83333333,68,67,55,43,55,77,Flying,,FALSE
#823,8,Corviknight,82.5,98,87,105,53,85,67,Flying,Steel,FALSE
#824,8,Blipbug,30,25,20,20,25,45,45,Bug,,FALSE
#825,8,Dottler,55.83333333,50,35,80,50,90,30,Bug,Psychic,FALSE
#826,8,Orbeetle,84.16666667,60,45,110,80,120,90,Bug,Psychic,FALSE
#827,8,Nickit,40.83333333,40,28,28,47,52,50,Dark,,FALSE
#828,8,Thievul,75.83333333,70,58,58,87,92,90,Dark,,FALSE
#829,8,Gossifleur,41.66666667,40,40,60,40,60,10,Grass,,FALSE
#830,8,Eldegoss,76.66666667,60,50,90,80,120,60,Grass,,FALSE
#831,8,Wooloo,45,42,40,55,40,45,48,Normal,,FALSE
#832,8,Dubwool,81.66666667,72,80,100,60,90,88,Normal,,FALSE
#833,8,Chewtle,47.33333333,50,64,50,38,38,44,Water,,FALSE
#834,8,Drednaw,80.83333333,90,115,90,48,68,74,Water,Rock,FALSE
#835,8,Yamper,45,59,45,50,40,50,26,Electric,,FALSE
#836,8,Boltund,81.66666667,69,90,60,90,60,121,Electric,,FALSE
#837,8,Rolycoly,40,30,40,50,40,50,30,Rock,,FALSE
#838,8,Carkol,68.33333333,80,60,90,60,70,50,Rock,Fire,FALSE
#839,8,Coalossal,85,110,80,120,80,90,30,Rock,Fire,FALSE
#840,8,Applin,43.33333333,40,40,80,40,40,20,Grass,Dragon,FALSE
#841,8,Flapple,80.83333333,70,110,80,95,60,70,Grass,Dragon,FALSE
#842,8,Appletun,80.83333333,110,85,80,100,80,30,Grass,Dragon,FALSE
#843,8,Silicobra,52.5,52,57,75,35,50,46,Ground,,FALSE
#844,8,Sandaconda,85,72,107,125,65,70,71,Ground,,FALSE
#845,8,Cramorant,79.16666667,70,85,55,85,95,85,Flying,Water,FALSE
#846,8,Arrokuda,46.66666667,41,63,40,40,30,66,Water,,FALSE
#847,8,Barraskewda,81.66666667,61,123,60,60,50,136,Water,,FALSE
#848,8,Toxel,40.33333333,40,38,35,54,35,40,Electric,Poison,FALSE
#849,8,Toxtricity,83.66666667,75,98,70,114,70,75,Electric,Poison,FALSE
#850,8,Sizzlipede,50.83333333,50,65,45,50,50,45,Fire,Bug,FALSE
#851,8,Centiskorch,87.5,100,115,65,90,90,65,Fire,Bug,FALSE
#852,8,Clobbopus,51.66666667,50,68,60,50,50,32,Fighting,,FALSE
#853,8,Grapploct,80,80,118,90,70,80,42,Fighting,,FALSE
#854,8,Sinistea,51.33333333,40,45,45,74,54,50,Ghost,,FALSE
#855,8,Polteageist,84.66666667,60,65,65,134,114,70,Ghost,,FALSE
#856,8,Hatenna,44.16666667,42,30,45,56,53,39,Psychic,,FALSE
#857,8,Hattrem,61.66666667,57,40,65,86,73,49,Psychic,,FALSE
#858,8,Hatterene,85,57,90,95,136,103,29,Psychic,Fairy,FALSE
#859,8,Impidimp,44.16666667,45,45,30,55,40,50,Dark,Fairy,FALSE
#860,8,Morgrem,61.66666667,65,60,45,75,55,70,Dark,Fairy,FALSE
#861,8,Grimmsnarl,85,95,120,65,95,75,60,Dark,Fairy,FALSE
#862,8,Obstagoon,86.66666667,93,90,101,60,81,95,Dark,Normal,FALSE
#863,8,Perrserker,73.33333333,70,110,100,50,60,50,Steel,,FALSE
#864,8,Cursola,85,60,95,50,145,130,30,Ghost,,FALSE
#865,8,Sirfetch'd,84.5,62,135,95,68,82,65,Fighting,,FALSE
#866,8,Mr. Rime,86.66666667,80,85,75,110,100,70,Ice,Psychic,FALSE
#867,8,Runerigus,80.5,58,95,145,50,105,30,Ground,Ghost,FALSE
#868,8,Milcery,45,45,40,40,50,61,34,Fairy,,FALSE
#869,8,Alcremie,82.5,65,60,75,110,121,64,Fairy,,FALSE
#870,8,Falinks,78.33333333,65,100,100,70,60,75,Fighting,,FALSE
#871,8,Pincurchin,72.5,48,101,95,91,85,15,Electric,,FALSE
#872,8,Snom,30.83333333,30,25,35,45,30,20,Ice,Bug,FALSE
#873,8,Frosmoth,79.16666667,70,65,60,125,90,65,Ice,Bug,FALSE
#874,8,Stonjourner,78.33333333,100,125,135,20,20,70,Rock,,FALSE
#875,8,Eiscue - Ice Face,78.33333333,75,80,110,65,90,50,Ice,,FALSE
#875.1,8,Eiscue - Noice Face,78.33333333,75,80,70,65,50,130,Ice,,FALSE
#876,8,Indeedee - Male,79.16666667,60,65,55,105,95,95,Psychic,Normal,FALSE
#876.1,8,Indeedee - Female,79.16666667,70,55,65,95,105,85,Psychic,Normal,FALSE
#877,8,Morpeko,72.66666667,58,95,58,70,58,97,Electric,Dark,FALSE
#878,8,Cufant,55,72,80,49,40,49,40,Steel,,FALSE
#879,8,Copperajah,83.33333333,122,130,69,80,69,30,Steel,,FALSE
#880,8,Dracozolt,84.16666667,90,100,90,80,70,75,Electric,Dragon,FALSE
#881,8,Arctozolt,84.16666667,90,100,90,90,80,55,Electric,Ice,FALSE
#882,8,Dracovish,84.16666667,90,90,100,70,80,75,Water,Dragon,FALSE
#883,8,Arctovish,84.16666667,90,90,100,80,90,55,Water,Ice,FALSE
#884,8,Duraludon,89.16666667,70,95,115,120,50,85,Steel,Dragon,FALSE
#885,8,Dreepy,45,28,60,30,40,30,82,Dragon,Ghost,FALSE
#886,8,Drakloak,68.33333333,68,80,50,60,50,102,Dragon,Ghost,FALSE
#887,8,Dragapult,100,88,120,75,100,75,142,Dragon,Ghost,FALSE
#888,8,Zacian - Crowned Sword,120,92,170,115,80,115,148,Fairy,Steel,FALSE
#888.1,8,Zacian - Hero of Many Battles,111.6666667,92,130,115,80,115,138,Fairy,,FALSE
#889,8,Zamazenta - Crowned Shield,120,92,130,145,80,145,128,Fighting,Steel,FALSE
#889.1,8,Zamazenta - Hero of Many Battles,111.6666667,92,130,115,80,115,138,Fighting,,FALSE
#890,8,Eternatus,115,140,85,95,145,95,130,Poison,Dragon,FALSE
#890.1,8,Eternamax Eternatus,187.5,255,115,250,125,250,130,Poison,Dragon,FALSE
#891,8,Kubfu,64.16666667,60,90,60,53,50,72,Fighting,,FALSE
#892,8,Urshifu - Single Strike Style,91.66666667,100,130,100,63,60,97,Fighting,Dark,FALSE
#892.1,8,Urshifu - Rapid Strike Style,91.66666667,100,130,100,63,60,97,Fighting,Water,FALSE
#893,8,Zarude,100,105,120,105,70,95,105,Dark,Grass,FALSE
#894,8,Regieleki,96.66666667,80,100,50,100,50,200,Electric,,FALSE
#895,8,Regidrago,96.66666667,200,100,50,100,50,80,Dragon,,FALSE
#896,8,Glastrier,96.66666667,100,145,130,65,110,30,Ice,,FALSE
#897,8,Spectrier,96.66666667,100,65,60,145,80,130,Ghost,,FALSE
#898,8,Calyrex,83.33333333,100,80,80,80,80,80,Psychic,Grass,FALSE
#898.1,8,Calyrex - Ice Rider,113.3333333,100,165,150,85,130,50,Psychic,Ice,FALSE
#898.2,8,Calyrex - Shadow Rider,113.3333333,100,85,80,165,100,150,Psychic,Ghost,FALSE
